[
{
  "model": "account.profile",
  "pk": 1,
  "fields": {
    "user": 1,
    "date_of_birth": "1999-06-03",
    "photo": "users/2024/06/03/unnamed.jpg"
  }
},
{
  "model": "account.profile",
  "pk": 2,
  "fields": {
    "user": 2,
    "date_of_birth": "2000-01-09",
    "photo": "users/2024/06/03/coolpfp.jpg"
  }
},
{
  "model": "account.profile",
  "pk": 3,
  "fields": {
    "user": 3,
    "date_of_birth": "1995-10-10",
    "photo": "users/2024/06/03/gaming-avatar.jpeg"
  }
},
{
  "model": "account.profile",
  "pk": 4,
  "fields": {
    "user": 4,
    "date_of_birth": "2005-09-02",
    "photo": "users/2024/06/03/neon.jpg"
  }
},
{
  "model": "account.profile",
  "pk": 5,
  "fields": {
    "user": 7,
    "date_of_birth": null,
    "photo": "users/user-default.jpg"
  }
},
{
  "model": "account.profile",
  "pk": 6,
  "fields": {
    "user": 8,
    "date_of_birth": null,
    "photo": "users/user-default.jpg"
  }
},
{
  "model": "account.contact",
  "pk": 3,
  "fields": {
    "user_from": 1,
    "user_to": 2,
    "created": "2024-07-01T12:11:05.888Z"
  }
},
{
  "model": "account.contact",
  "pk": 7,
  "fields": {
    "user_from": 2,
    "user_to": 1,
    "created": "2024-07-03T11:34:05.216Z"
  }
},
{
  "model": "account.contact",
  "pk": 8,
  "fields": {
    "user_from": 2,
    "user_to": 3,
    "created": "2024-07-05T19:03:43.903Z"
  }
},
{
  "model": "account.contact",
  "pk": 9,
  "fields": {
    "user_from": 2,
    "user_to": 4,
    "created": "2024-07-05T19:03:53.293Z"
  }
},
{
  "model": "account.contact",
  "pk": 10,
  "fields": {
    "user_from": 2,
    "user_to": 2,
    "created": "2024-07-05T19:04:08.374Z"
  }
},
{
  "model": "admin.logentry",
  "pk": 1,
  "fields": {
    "action_time": "2024-05-30T12:31:05.666Z",
    "user": 1,
    "content_type": 4,
    "object_id": "2",
    "object_repr": "Meen",
    "action_flag": 1,
    "change_message": "[{\"added\": {}}]"
  }
},
{
  "model": "admin.logentry",
  "pk": 2,
  "fields": {
    "action_time": "2024-05-30T12:32:34.826Z",
    "user": 1,
    "content_type": 4,
    "object_id": "2",
    "object_repr": "Meendo",
    "action_flag": 2,
    "change_message": "[{\"changed\": {\"fields\": [\"Username\", \"First name\", \"Last name\", \"Email address\"]}}]"
  }
},
{
  "model": "admin.logentry",
  "pk": 3,
  "fields": {
    "action_time": "2024-06-03T12:14:37.690Z",
    "user": 1,
    "content_type": 7,
    "object_id": "1",
    "object_repr": "Profile of bookmarks",
    "action_flag": 1,
    "change_message": "[{\"added\": {}}]"
  }
},
{
  "model": "admin.logentry",
  "pk": 4,
  "fields": {
    "action_time": "2024-06-03T12:15:25.347Z",
    "user": 1,
    "content_type": 7,
    "object_id": "2",
    "object_repr": "Profile of Meendo",
    "action_flag": 1,
    "change_message": "[{\"added\": {}}]"
  }
},
{
  "model": "admin.logentry",
  "pk": 5,
  "fields": {
    "action_time": "2024-06-03T12:16:42.857Z",
    "user": 1,
    "content_type": 7,
    "object_id": "3",
    "object_repr": "Profile of Tito",
    "action_flag": 1,
    "change_message": "[{\"added\": {}}]"
  }
},
{
  "model": "admin.logentry",
  "pk": 6,
  "fields": {
    "action_time": "2024-06-03T16:32:19.601Z",
    "user": 1,
    "content_type": 7,
    "object_id": "4",
    "object_repr": "Profile of Jonito",
    "action_flag": 2,
    "change_message": "[]"
  }
},
{
  "model": "admin.logentry",
  "pk": 7,
  "fields": {
    "action_time": "2024-06-03T16:32:25.586Z",
    "user": 1,
    "content_type": 7,
    "object_id": "4",
    "object_repr": "Profile of Jonito",
    "action_flag": 2,
    "change_message": "[]"
  }
},
{
  "model": "admin.logentry",
  "pk": 8,
  "fields": {
    "action_time": "2024-06-03T16:32:29.234Z",
    "user": 1,
    "content_type": 7,
    "object_id": "3",
    "object_repr": "Profile of Tito",
    "action_flag": 2,
    "change_message": "[]"
  }
},
{
  "model": "admin.logentry",
  "pk": 9,
  "fields": {
    "action_time": "2024-06-03T16:32:31.946Z",
    "user": 1,
    "content_type": 7,
    "object_id": "2",
    "object_repr": "Profile of Meendo",
    "action_flag": 2,
    "change_message": "[]"
  }
},
{
  "model": "admin.logentry",
  "pk": 10,
  "fields": {
    "action_time": "2024-06-03T16:32:35.228Z",
    "user": 1,
    "content_type": 7,
    "object_id": "1",
    "object_repr": "Profile of bookmarks",
    "action_flag": 2,
    "change_message": "[]"
  }
},
{
  "model": "admin.logentry",
  "pk": 11,
  "fields": {
    "action_time": "2024-06-03T16:33:29.208Z",
    "user": 1,
    "content_type": 7,
    "object_id": "4",
    "object_repr": "Profile of Jonito",
    "action_flag": 2,
    "change_message": "[{\"changed\": {\"fields\": [\"Photo\"]}}]"
  }
},
{
  "model": "admin.logentry",
  "pk": 12,
  "fields": {
    "action_time": "2024-06-03T16:33:34.301Z",
    "user": 1,
    "content_type": 7,
    "object_id": "4",
    "object_repr": "Profile of Jonito",
    "action_flag": 2,
    "change_message": "[]"
  }
},
{
  "model": "admin.logentry",
  "pk": 13,
  "fields": {
    "action_time": "2024-06-03T16:33:45.085Z",
    "user": 1,
    "content_type": 7,
    "object_id": "3",
    "object_repr": "Profile of Tito",
    "action_flag": 2,
    "change_message": "[{\"changed\": {\"fields\": [\"Photo\"]}}]"
  }
},
{
  "model": "admin.logentry",
  "pk": 14,
  "fields": {
    "action_time": "2024-06-03T16:33:51.149Z",
    "user": 1,
    "content_type": 7,
    "object_id": "2",
    "object_repr": "Profile of Meendo",
    "action_flag": 2,
    "change_message": "[{\"changed\": {\"fields\": [\"Photo\"]}}]"
  }
},
{
  "model": "admin.logentry",
  "pk": 15,
  "fields": {
    "action_time": "2024-06-03T16:33:55.715Z",
    "user": 1,
    "content_type": 7,
    "object_id": "1",
    "object_repr": "Profile of bookmarks",
    "action_flag": 2,
    "change_message": "[{\"changed\": {\"fields\": [\"Photo\"]}}]"
  }
},
{
  "model": "admin.logentry",
  "pk": 16,
  "fields": {
    "action_time": "2024-06-03T16:35:53.127Z",
    "user": 1,
    "content_type": 7,
    "object_id": "2",
    "object_repr": "Profile of Meendo",
    "action_flag": 2,
    "change_message": "[{\"changed\": {\"fields\": [\"Photo\"]}}]"
  }
},
{
  "model": "admin.logentry",
  "pk": 17,
  "fields": {
    "action_time": "2024-06-03T16:36:37.805Z",
    "user": 1,
    "content_type": 7,
    "object_id": "1",
    "object_repr": "Profile of bookmarks",
    "action_flag": 2,
    "change_message": "[{\"changed\": {\"fields\": [\"Photo\"]}}]"
  }
},
{
  "model": "admin.logentry",
  "pk": 18,
  "fields": {
    "action_time": "2024-06-03T16:36:56.695Z",
    "user": 1,
    "content_type": 7,
    "object_id": "3",
    "object_repr": "Profile of Tito",
    "action_flag": 2,
    "change_message": "[{\"changed\": {\"fields\": [\"Photo\"]}}]"
  }
},
{
  "model": "admin.logentry",
  "pk": 19,
  "fields": {
    "action_time": "2024-06-03T16:37:56.914Z",
    "user": 1,
    "content_type": 7,
    "object_id": "4",
    "object_repr": "Profile of Jonito",
    "action_flag": 2,
    "change_message": "[{\"changed\": {\"fields\": [\"Photo\"]}}]"
  }
},
{
  "model": "admin.logentry",
  "pk": 20,
  "fields": {
    "action_time": "2024-06-04T10:57:51.065Z",
    "user": 1,
    "content_type": 4,
    "object_id": "2",
    "object_repr": "Meendo",
    "action_flag": 2,
    "change_message": "[{\"changed\": {\"fields\": [\"Email address\"]}}]"
  }
},
{
  "model": "admin.logentry",
  "pk": 21,
  "fields": {
    "action_time": "2024-06-11T13:15:54.860Z",
    "user": 1,
    "content_type": 4,
    "object_id": "5",
    "object_repr": "Meendo_95",
    "action_flag": 3,
    "change_message": ""
  }
},
{
  "model": "admin.logentry",
  "pk": 22,
  "fields": {
    "action_time": "2024-06-11T13:16:08.477Z",
    "user": 1,
    "content_type": 4,
    "object_id": "6",
    "object_repr": "meenphilip",
    "action_flag": 3,
    "change_message": ""
  }
},
{
  "model": "admin.logentry",
  "pk": 23,
  "fields": {
    "action_time": "2024-06-16T17:26:18.717Z",
    "user": 1,
    "content_type": 13,
    "object_id": "1",
    "object_repr": "Jazz Performance",
    "action_flag": 3,
    "change_message": ""
  }
},
{
  "model": "admin.logentry",
  "pk": 24,
  "fields": {
    "action_time": "2024-07-08T09:58:35.435Z",
    "user": 1,
    "content_type": 13,
    "object_id": "27",
    "object_repr": "Online Courses - Udemy",
    "action_flag": 2,
    "change_message": "[{\"changed\": {\"fields\": [\"Users like\"]}}]"
  }
},
{
  "model": "auth.permission",
  "pk": 1,
  "fields": {
    "name": "Can add log entry",
    "content_type": 1,
    "codename": "add_logentry"
  }
},
{
  "model": "auth.permission",
  "pk": 2,
  "fields": {
    "name": "Can change log entry",
    "content_type": 1,
    "codename": "change_logentry"
  }
},
{
  "model": "auth.permission",
  "pk": 3,
  "fields": {
    "name": "Can delete log entry",
    "content_type": 1,
    "codename": "delete_logentry"
  }
},
{
  "model": "auth.permission",
  "pk": 4,
  "fields": {
    "name": "Can view log entry",
    "content_type": 1,
    "codename": "view_logentry"
  }
},
{
  "model": "auth.permission",
  "pk": 5,
  "fields": {
    "name": "Can add permission",
    "content_type": 2,
    "codename": "add_permission"
  }
},
{
  "model": "auth.permission",
  "pk": 6,
  "fields": {
    "name": "Can change permission",
    "content_type": 2,
    "codename": "change_permission"
  }
},
{
  "model": "auth.permission",
  "pk": 7,
  "fields": {
    "name": "Can delete permission",
    "content_type": 2,
    "codename": "delete_permission"
  }
},
{
  "model": "auth.permission",
  "pk": 8,
  "fields": {
    "name": "Can view permission",
    "content_type": 2,
    "codename": "view_permission"
  }
},
{
  "model": "auth.permission",
  "pk": 9,
  "fields": {
    "name": "Can add group",
    "content_type": 3,
    "codename": "add_group"
  }
},
{
  "model": "auth.permission",
  "pk": 10,
  "fields": {
    "name": "Can change group",
    "content_type": 3,
    "codename": "change_group"
  }
},
{
  "model": "auth.permission",
  "pk": 11,
  "fields": {
    "name": "Can delete group",
    "content_type": 3,
    "codename": "delete_group"
  }
},
{
  "model": "auth.permission",
  "pk": 12,
  "fields": {
    "name": "Can view group",
    "content_type": 3,
    "codename": "view_group"
  }
},
{
  "model": "auth.permission",
  "pk": 13,
  "fields": {
    "name": "Can add user",
    "content_type": 4,
    "codename": "add_user"
  }
},
{
  "model": "auth.permission",
  "pk": 14,
  "fields": {
    "name": "Can change user",
    "content_type": 4,
    "codename": "change_user"
  }
},
{
  "model": "auth.permission",
  "pk": 15,
  "fields": {
    "name": "Can delete user",
    "content_type": 4,
    "codename": "delete_user"
  }
},
{
  "model": "auth.permission",
  "pk": 16,
  "fields": {
    "name": "Can view user",
    "content_type": 4,
    "codename": "view_user"
  }
},
{
  "model": "auth.permission",
  "pk": 17,
  "fields": {
    "name": "Can add content type",
    "content_type": 5,
    "codename": "add_contenttype"
  }
},
{
  "model": "auth.permission",
  "pk": 18,
  "fields": {
    "name": "Can change content type",
    "content_type": 5,
    "codename": "change_contenttype"
  }
},
{
  "model": "auth.permission",
  "pk": 19,
  "fields": {
    "name": "Can delete content type",
    "content_type": 5,
    "codename": "delete_contenttype"
  }
},
{
  "model": "auth.permission",
  "pk": 20,
  "fields": {
    "name": "Can view content type",
    "content_type": 5,
    "codename": "view_contenttype"
  }
},
{
  "model": "auth.permission",
  "pk": 21,
  "fields": {
    "name": "Can add session",
    "content_type": 6,
    "codename": "add_session"
  }
},
{
  "model": "auth.permission",
  "pk": 22,
  "fields": {
    "name": "Can change session",
    "content_type": 6,
    "codename": "change_session"
  }
},
{
  "model": "auth.permission",
  "pk": 23,
  "fields": {
    "name": "Can delete session",
    "content_type": 6,
    "codename": "delete_session"
  }
},
{
  "model": "auth.permission",
  "pk": 24,
  "fields": {
    "name": "Can view session",
    "content_type": 6,
    "codename": "view_session"
  }
},
{
  "model": "auth.permission",
  "pk": 25,
  "fields": {
    "name": "Can add profile",
    "content_type": 7,
    "codename": "add_profile"
  }
},
{
  "model": "auth.permission",
  "pk": 26,
  "fields": {
    "name": "Can change profile",
    "content_type": 7,
    "codename": "change_profile"
  }
},
{
  "model": "auth.permission",
  "pk": 27,
  "fields": {
    "name": "Can delete profile",
    "content_type": 7,
    "codename": "delete_profile"
  }
},
{
  "model": "auth.permission",
  "pk": 28,
  "fields": {
    "name": "Can view profile",
    "content_type": 7,
    "codename": "view_profile"
  }
},
{
  "model": "auth.permission",
  "pk": 29,
  "fields": {
    "name": "Can add association",
    "content_type": 8,
    "codename": "add_association"
  }
},
{
  "model": "auth.permission",
  "pk": 30,
  "fields": {
    "name": "Can change association",
    "content_type": 8,
    "codename": "change_association"
  }
},
{
  "model": "auth.permission",
  "pk": 31,
  "fields": {
    "name": "Can delete association",
    "content_type": 8,
    "codename": "delete_association"
  }
},
{
  "model": "auth.permission",
  "pk": 32,
  "fields": {
    "name": "Can view association",
    "content_type": 8,
    "codename": "view_association"
  }
},
{
  "model": "auth.permission",
  "pk": 33,
  "fields": {
    "name": "Can add code",
    "content_type": 9,
    "codename": "add_code"
  }
},
{
  "model": "auth.permission",
  "pk": 34,
  "fields": {
    "name": "Can change code",
    "content_type": 9,
    "codename": "change_code"
  }
},
{
  "model": "auth.permission",
  "pk": 35,
  "fields": {
    "name": "Can delete code",
    "content_type": 9,
    "codename": "delete_code"
  }
},
{
  "model": "auth.permission",
  "pk": 36,
  "fields": {
    "name": "Can view code",
    "content_type": 9,
    "codename": "view_code"
  }
},
{
  "model": "auth.permission",
  "pk": 37,
  "fields": {
    "name": "Can add nonce",
    "content_type": 10,
    "codename": "add_nonce"
  }
},
{
  "model": "auth.permission",
  "pk": 38,
  "fields": {
    "name": "Can change nonce",
    "content_type": 10,
    "codename": "change_nonce"
  }
},
{
  "model": "auth.permission",
  "pk": 39,
  "fields": {
    "name": "Can delete nonce",
    "content_type": 10,
    "codename": "delete_nonce"
  }
},
{
  "model": "auth.permission",
  "pk": 40,
  "fields": {
    "name": "Can view nonce",
    "content_type": 10,
    "codename": "view_nonce"
  }
},
{
  "model": "auth.permission",
  "pk": 41,
  "fields": {
    "name": "Can add user social auth",
    "content_type": 11,
    "codename": "add_usersocialauth"
  }
},
{
  "model": "auth.permission",
  "pk": 42,
  "fields": {
    "name": "Can change user social auth",
    "content_type": 11,
    "codename": "change_usersocialauth"
  }
},
{
  "model": "auth.permission",
  "pk": 43,
  "fields": {
    "name": "Can delete user social auth",
    "content_type": 11,
    "codename": "delete_usersocialauth"
  }
},
{
  "model": "auth.permission",
  "pk": 44,
  "fields": {
    "name": "Can view user social auth",
    "content_type": 11,
    "codename": "view_usersocialauth"
  }
},
{
  "model": "auth.permission",
  "pk": 45,
  "fields": {
    "name": "Can add partial",
    "content_type": 12,
    "codename": "add_partial"
  }
},
{
  "model": "auth.permission",
  "pk": 46,
  "fields": {
    "name": "Can change partial",
    "content_type": 12,
    "codename": "change_partial"
  }
},
{
  "model": "auth.permission",
  "pk": 47,
  "fields": {
    "name": "Can delete partial",
    "content_type": 12,
    "codename": "delete_partial"
  }
},
{
  "model": "auth.permission",
  "pk": 48,
  "fields": {
    "name": "Can view partial",
    "content_type": 12,
    "codename": "view_partial"
  }
},
{
  "model": "auth.permission",
  "pk": 49,
  "fields": {
    "name": "Can add image",
    "content_type": 13,
    "codename": "add_image"
  }
},
{
  "model": "auth.permission",
  "pk": 50,
  "fields": {
    "name": "Can change image",
    "content_type": 13,
    "codename": "change_image"
  }
},
{
  "model": "auth.permission",
  "pk": 51,
  "fields": {
    "name": "Can delete image",
    "content_type": 13,
    "codename": "delete_image"
  }
},
{
  "model": "auth.permission",
  "pk": 52,
  "fields": {
    "name": "Can view image",
    "content_type": 13,
    "codename": "view_image"
  }
},
{
  "model": "auth.permission",
  "pk": 53,
  "fields": {
    "name": "Can add source",
    "content_type": 14,
    "codename": "add_source"
  }
},
{
  "model": "auth.permission",
  "pk": 54,
  "fields": {
    "name": "Can change source",
    "content_type": 14,
    "codename": "change_source"
  }
},
{
  "model": "auth.permission",
  "pk": 55,
  "fields": {
    "name": "Can delete source",
    "content_type": 14,
    "codename": "delete_source"
  }
},
{
  "model": "auth.permission",
  "pk": 56,
  "fields": {
    "name": "Can view source",
    "content_type": 14,
    "codename": "view_source"
  }
},
{
  "model": "auth.permission",
  "pk": 57,
  "fields": {
    "name": "Can add thumbnail",
    "content_type": 15,
    "codename": "add_thumbnail"
  }
},
{
  "model": "auth.permission",
  "pk": 58,
  "fields": {
    "name": "Can change thumbnail",
    "content_type": 15,
    "codename": "change_thumbnail"
  }
},
{
  "model": "auth.permission",
  "pk": 59,
  "fields": {
    "name": "Can delete thumbnail",
    "content_type": 15,
    "codename": "delete_thumbnail"
  }
},
{
  "model": "auth.permission",
  "pk": 60,
  "fields": {
    "name": "Can view thumbnail",
    "content_type": 15,
    "codename": "view_thumbnail"
  }
},
{
  "model": "auth.permission",
  "pk": 61,
  "fields": {
    "name": "Can add thumbnail dimensions",
    "content_type": 16,
    "codename": "add_thumbnaildimensions"
  }
},
{
  "model": "auth.permission",
  "pk": 62,
  "fields": {
    "name": "Can change thumbnail dimensions",
    "content_type": 16,
    "codename": "change_thumbnaildimensions"
  }
},
{
  "model": "auth.permission",
  "pk": 63,
  "fields": {
    "name": "Can delete thumbnail dimensions",
    "content_type": 16,
    "codename": "delete_thumbnaildimensions"
  }
},
{
  "model": "auth.permission",
  "pk": 64,
  "fields": {
    "name": "Can view thumbnail dimensions",
    "content_type": 16,
    "codename": "view_thumbnaildimensions"
  }
},
{
  "model": "auth.permission",
  "pk": 65,
  "fields": {
    "name": "Can add contact",
    "content_type": 17,
    "codename": "add_contact"
  }
},
{
  "model": "auth.permission",
  "pk": 66,
  "fields": {
    "name": "Can change contact",
    "content_type": 17,
    "codename": "change_contact"
  }
},
{
  "model": "auth.permission",
  "pk": 67,
  "fields": {
    "name": "Can delete contact",
    "content_type": 17,
    "codename": "delete_contact"
  }
},
{
  "model": "auth.permission",
  "pk": 68,
  "fields": {
    "name": "Can view contact",
    "content_type": 17,
    "codename": "view_contact"
  }
},
{
  "model": "auth.permission",
  "pk": 69,
  "fields": {
    "name": "Can add action",
    "content_type": 18,
    "codename": "add_action"
  }
},
{
  "model": "auth.permission",
  "pk": 70,
  "fields": {
    "name": "Can change action",
    "content_type": 18,
    "codename": "change_action"
  }
},
{
  "model": "auth.permission",
  "pk": 71,
  "fields": {
    "name": "Can delete action",
    "content_type": 18,
    "codename": "delete_action"
  }
},
{
  "model": "auth.permission",
  "pk": 72,
  "fields": {
    "name": "Can view action",
    "content_type": 18,
    "codename": "view_action"
  }
},
{
  "model": "auth.user",
  "pk": 1,
  "fields": {
    "password": "pbkdf2_sha256$720000$V4XwyC61bhlmn12YGZ8UEn$gMX9hFmXwkm2BK5U57VOZlGFeOr85DXkQJgicMgk9Vs=",
    "last_login": "2024-07-08T09:56:54.430Z",
    "is_superuser": true,
    "username": "bookmarks",
    "first_name": "Admin",
    "last_name": "Books",
    "email": "meenphilip@gmail.com",
    "is_staff": true,
    "is_active": true,
    "date_joined": "2024-05-30T12:18:47.118Z",
    "groups": [],
    "user_permissions": []
  }
},
{
  "model": "auth.user",
  "pk": 2,
  "fields": {
    "password": "pbkdf2_sha256$720000$EzuExqbQCe3mPeQRagqi5r$O4Bukduq3iiyitfiPjJMIoqgkOW+4ZVxk7OwoTTIEyY=",
    "last_login": "2024-07-08T11:17:28.564Z",
    "is_superuser": false,
    "username": "Meendo",
    "first_name": "Meen",
    "last_name": "Tycoon",
    "email": "meenmayen@gmail.com",
    "is_staff": false,
    "is_active": true,
    "date_joined": "2024-05-30T12:31:03Z",
    "groups": [],
    "user_permissions": []
  }
},
{
  "model": "auth.user",
  "pk": 3,
  "fields": {
    "password": "pbkdf2_sha256$720000$8ynVnuflWZ4bxORatlhYtE$JJWYKJCd3NOBTLGebj/swE+7rIwLd9+RMx0S+rRtcL0=",
    "last_login": "2024-06-03T10:36:03.398Z",
    "is_superuser": false,
    "username": "Tito",
    "first_name": "Ukili",
    "last_name": "",
    "email": "ukilititus@gmail.com",
    "is_staff": false,
    "is_active": true,
    "date_joined": "2024-06-03T10:35:34.062Z",
    "groups": [],
    "user_permissions": []
  }
},
{
  "model": "auth.user",
  "pk": 4,
  "fields": {
    "password": "pbkdf2_sha256$720000$l2Tdbw37w2YDjtbqwpVS8h$MHChF8HN5w4RKeF7uHJQPDrfzrrFQRfvLtDSzEfZpn4=",
    "last_login": "2024-06-03T12:50:39.908Z",
    "is_superuser": false,
    "username": "Jonito",
    "first_name": "john",
    "last_name": "doe",
    "email": "john1@gmail.com",
    "is_staff": false,
    "is_active": true,
    "date_joined": "2024-06-03T12:50:08.703Z",
    "groups": [],
    "user_permissions": []
  }
},
{
  "model": "auth.user",
  "pk": 7,
  "fields": {
    "password": "!pKCyk1msuuvgKrCkq8nGTZqhoe1ovpY6ia3uUBK0",
    "last_login": "2024-06-12T15:07:13.352Z",
    "is_superuser": false,
    "username": "meenphilip",
    "first_name": "Philip",
    "last_name": "Meen",
    "email": "meenphilip@gmail.com",
    "is_staff": false,
    "is_active": true,
    "date_joined": "2024-06-11T13:19:22.219Z",
    "groups": [],
    "user_permissions": []
  }
},
{
  "model": "auth.user",
  "pk": 8,
  "fields": {
    "password": "!rTcRfVp5BJdaMFfLg1KCBjMlqdNRLvQkw01nmr4L",
    "last_login": "2024-06-12T15:04:21.183Z",
    "is_superuser": false,
    "username": "Meendo_95",
    "first_name": "Meen",
    "last_name": "",
    "email": "",
    "is_staff": false,
    "is_active": true,
    "date_joined": "2024-06-11T13:20:17.503Z",
    "groups": [],
    "user_permissions": []
  }
},
{
  "model": "contenttypes.contenttype",
  "pk": 1,
  "fields": {
    "app_label": "admin",
    "model": "logentry"
  }
},
{
  "model": "contenttypes.contenttype",
  "pk": 2,
  "fields": {
    "app_label": "auth",
    "model": "permission"
  }
},
{
  "model": "contenttypes.contenttype",
  "pk": 3,
  "fields": {
    "app_label": "auth",
    "model": "group"
  }
},
{
  "model": "contenttypes.contenttype",
  "pk": 4,
  "fields": {
    "app_label": "auth",
    "model": "user"
  }
},
{
  "model": "contenttypes.contenttype",
  "pk": 5,
  "fields": {
    "app_label": "contenttypes",
    "model": "contenttype"
  }
},
{
  "model": "contenttypes.contenttype",
  "pk": 6,
  "fields": {
    "app_label": "sessions",
    "model": "session"
  }
},
{
  "model": "contenttypes.contenttype",
  "pk": 7,
  "fields": {
    "app_label": "account",
    "model": "profile"
  }
},
{
  "model": "contenttypes.contenttype",
  "pk": 8,
  "fields": {
    "app_label": "social_django",
    "model": "association"
  }
},
{
  "model": "contenttypes.contenttype",
  "pk": 9,
  "fields": {
    "app_label": "social_django",
    "model": "code"
  }
},
{
  "model": "contenttypes.contenttype",
  "pk": 10,
  "fields": {
    "app_label": "social_django",
    "model": "nonce"
  }
},
{
  "model": "contenttypes.contenttype",
  "pk": 11,
  "fields": {
    "app_label": "social_django",
    "model": "usersocialauth"
  }
},
{
  "model": "contenttypes.contenttype",
  "pk": 12,
  "fields": {
    "app_label": "social_django",
    "model": "partial"
  }
},
{
  "model": "contenttypes.contenttype",
  "pk": 13,
  "fields": {
    "app_label": "images",
    "model": "image"
  }
},
{
  "model": "contenttypes.contenttype",
  "pk": 14,
  "fields": {
    "app_label": "easy_thumbnails",
    "model": "source"
  }
},
{
  "model": "contenttypes.contenttype",
  "pk": 15,
  "fields": {
    "app_label": "easy_thumbnails",
    "model": "thumbnail"
  }
},
{
  "model": "contenttypes.contenttype",
  "pk": 16,
  "fields": {
    "app_label": "easy_thumbnails",
    "model": "thumbnaildimensions"
  }
},
{
  "model": "contenttypes.contenttype",
  "pk": 17,
  "fields": {
    "app_label": "account",
    "model": "contact"
  }
},
{
  "model": "contenttypes.contenttype",
  "pk": 18,
  "fields": {
    "app_label": "actions",
    "model": "action"
  }
},
{
  "model": "sessions.session",
  "pk": "1kuoyu6spoonjdcp3m7bk51eveewst79",
  "fields": {
    "session_data": ".eJxVjDsOwyAQBe9CHSGWj4GU6X0GxLIQnERYMnYV5e6xJRdJOzPvvVmI21rD1vMSJmJXJtnll2FMz9wOQY_Y7jNPc1uXCfmR8NN2Ps6UX7ez_Tuosdd9jXIAEEoNAtEV640zxTsJHmiHGL0r0iWjDUlftJFWC3AKAJQlG0mwzxen0zYn:1sQmN6:Ow4qFStG0lXXlJw3XsrMckgpqeutcx3viFsW4fRzNRc",
    "expire_date": "2024-07-22T11:17:28.570Z"
  }
},
{
  "model": "sessions.session",
  "pk": "5tetoddifpq83lvhcwkibhkstkmjw1rs",
  "fields": {
    "session_data": ".eJxVjEEOwiAQRe_C2hBBYFqX7j0DmRkGqRpISrsy3l2bdKHb_977LxVxXUpcu8xxSuqsjDr8boT8kLqBdMd6a5pbXeaJ9KbonXZ9bUmel939OyjYy7f2RowMeJQMhNaEkw3OEwaXKFtgHhGSYUooJEIWhjFDQAGwnoG9U-8PBVo48g:1sHTzG:WodhefoR_E4niZfVQyKGcMO4KZ--f8vOSfERbpc_qyQ",
    "expire_date": "2024-06-26T19:50:26.368Z"
  }
},
{
  "model": "sessions.session",
  "pk": "gjp9jdyojr6b1ypw0s9j0hf8u290izo2",
  "fields": {
    "session_data": ".eJxVjEEOwiAQRe_C2hBBYFqX7j0DmRkGqRpISrsy3l2bdKHb_977LxVxXUpcu8xxSuqsjDr8boT8kLqBdMd6a5pbXeaJ9KbonXZ9bUmel939OyjYy7f2RowMeJQMhNaEkw3OEwaXKFtgHhGSYUooJEIWhjFDQAGwnoG9U-8PBVo48g:1sJuAO:o9QsmPlgJaCypefa2aKNf6IxXFOeXi1ht1-9PpASI4U",
    "expire_date": "2024-07-03T12:11:56.261Z"
  }
},
{
  "model": "sessions.session",
  "pk": "lhntc3twhklmd3y67kyk636j63j4zokt",
  "fields": {
    "session_data": ".eJxVjEEOwiAQRe_C2hBBYFqX7j0DmRkGqRpISrsy3l2bdKHb_977LxVxXUpcu8xxSuqsjDr8boT8kLqBdMd6a5pbXeaJ9KbonXZ9bUmel939OyjYy7f2RowMeJQMhNaEkw3OEwaXKFtgHhGSYUooJEIWhjFDQAGwnoG9U-8PBVo48g:1sFKSy:H3VnNjG2jbQI8vYyXhlHw0gpcP63d19fZPI6kCDPvzs",
    "expire_date": "2024-06-20T21:16:12.444Z"
  }
},
{
  "model": "sessions.session",
  "pk": "w2wj5g4hntucr2u7dlsw7zza8b5o33wc",
  "fields": {
    "session_data": ".eJxVi0sOwiAQQO_C2jSCwLTuNPEcZGYYAlFp0sLKeHfbxIVu3-elAvaWQ19lCSWqs9Lq8MsI-S51F8g899qG3UlthbGVuQ63J5bHZWPXb_m3Z1zz9jotWkY8SgJCo_3JeOsIvY2UDDBPCFEzRRQSIQPjlMCjABjHwM6q9we02zib:1sFVGP:fTZN01PUh6Hv4LSyXB294Qc29zox3aXn0I8RLgZE2xg",
    "expire_date": "2024-06-21T08:47:57.507Z"
  }
},
{
  "model": "images.image",
  "pk": 2,
  "fields": {
    "user": 1,
    "title": "Beautiful Tree",
    "slug": "beautiful-tree",
    "url": "https://cdn.pixabay.com/photo/2015/04/23/22/00/tree-736885_960_720.jpg",
    "image": "images/2024/06/16/beautiful-tree.jpg",
    "description": "A picture from a pixelbay",
    "created": "2024-06-16",
    "total_likes": 0,
    "users_like": []
  }
},
{
  "model": "images.image",
  "pk": 3,
  "fields": {
    "user": 1,
    "title": "Beautiful Sunset",
    "slug": "beautiful-sunset",
    "url": "https://cdn.pixabay.com/photo/2015/10/30/20/13/sunset-1014712_960_720.jpg",
    "image": "images/2024/06/16/beautiful-sunset.jpg",
    "description": "",
    "created": "2024-06-16",
    "total_likes": 0,
    "users_like": []
  }
},
{
  "model": "images.image",
  "pk": 4,
  "fields": {
    "user": 1,
    "title": "Smiley Face",
    "slug": "smiley-face",
    "url": "https://upload.wikimedia.org/wikipedia/commons/e/ec/Happy_smiley_face.png",
    "image": "images/2024/06/16/smiley-face.png",
    "description": "",
    "created": "2024-06-16",
    "total_likes": 0,
    "users_like": []
  }
},
{
  "model": "images.image",
  "pk": 5,
  "fields": {
    "user": 1,
    "title": "Amazon.com. Spend less. Smile more.",
    "slug": "amazoncom-spend-less-smile-more",
    "url": "https://images-na.ssl-images-amazon.com/images/G/01/US-hq/2023/img/Consumer_Electronics/XCM_CUTTLE_1622892_3373436_379x304_1X_en_US._SY304_CB597161294_.jpg",
    "image": "images/2024/06/19/amazoncom-spend-less-smile-more.jpg",
    "description": "",
    "created": "2024-06-19",
    "total_likes": 1,
    "users_like": [
      1
    ]
  }
},
{
  "model": "images.image",
  "pk": 6,
  "fields": {
    "user": 1,
    "title": "Amazon.com. Spend less. Smile more.",
    "slug": "amazoncom-spend-less-smile-more",
    "url": "https://images-na.ssl-images-amazon.com/images/G/01/AmazonExports/Events/2023/EBF23/Fuji_Desktop_Single_image_EBF_1x_v1._SY304_CB573698005_.jpg",
    "image": "images/2024/06/19/amazoncom-spend-less-smile-more_Ju045yO.jpg",
    "description": "",
    "created": "2024-06-19",
    "total_likes": 2,
    "users_like": [
      1,
      2
    ]
  }
},
{
  "model": "images.image",
  "pk": 7,
  "fields": {
    "user": 1,
    "title": "Amazon.com. Spend less. Smile more.",
    "slug": "amazoncom-spend-less-smile-more",
    "url": "https://images-na.ssl-images-amazon.com/images/G/01/US-hq/2023/img/Consumer_Electronics/XCM_CUTTLE_1546843_2940864_379x304_1X_en_US._SY304_CB613273467_.jpg",
    "image": "images/2024/06/19/amazoncom-spend-less-smile-more_eYFCnNn.jpg",
    "description": "",
    "created": "2024-06-19",
    "total_likes": 0,
    "users_like": []
  }
},
{
  "model": "images.image",
  "pk": 8,
  "fields": {
    "user": 1,
    "title": "Amazon.com. Spend less. Smile more.",
    "slug": "amazoncom-spend-less-smile-more",
    "url": "https://images-na.ssl-images-amazon.com/images/G/01/us-manual-merchandising/XCM_CUTTLE_1622894_3373440_379x304_1X_en_size1_US._SY304_CB597469214_.jpg",
    "image": "images/2024/06/19/amazoncom-spend-less-smile-more_YRt4BLo.jpg",
    "description": "",
    "created": "2024-06-19",
    "total_likes": 0,
    "users_like": []
  }
},
{
  "model": "images.image",
  "pk": 9,
  "fields": {
    "user": 1,
    "title": "Amazon.com. Spend less. Smile more.",
    "slug": "amazoncom-spend-less-smile-more",
    "url": "https://images-na.ssl-images-amazon.com/images/G/01/dex/2023/Roar/October/D_CC_Roar_OfficeDepot_1023_1X_Furnitrure_v2._SY304_CB577544739_.jpg",
    "image": "images/2024/06/19/amazoncom-spend-less-smile-more_LFY9K2Q.jpg",
    "description": "",
    "created": "2024-06-19",
    "total_likes": 0,
    "users_like": []
  }
},
{
  "model": "images.image",
  "pk": 10,
  "fields": {
    "user": 1,
    "title": "Amazon.com. Spend less. Smile more.",
    "slug": "amazoncom-spend-less-smile-more",
    "url": "https://images-na.ssl-images-amazon.com/images/G/01/us-manual-merchandising/RBS-in-house-Graphics/cc_359_laptop_us_v1._SY304_CB576754001_.jpg",
    "image": "images/2024/06/19/amazoncom-spend-less-smile-more_aJr1f7s.jpg",
    "description": "",
    "created": "2024-06-19",
    "total_likes": 0,
    "users_like": []
  }
},
{
  "model": "images.image",
  "pk": 11,
  "fields": {
    "user": 1,
    "title": "Amazon.com. Spend less. Smile more.",
    "slug": "amazoncom-spend-less-smile-more",
    "url": "https://images-na.ssl-images-amazon.com/images/G/01/AmazonExports/Events/2023/EBF23/Fuji_Desktop_Single_image_EBF_1x_v10._SY304_CB573698005_.jpg",
    "image": "images/2024/06/19/amazoncom-spend-less-smile-more_Tos0UC8.jpg",
    "description": "",
    "created": "2024-06-19",
    "total_likes": 0,
    "users_like": []
  }
},
{
  "model": "images.image",
  "pk": 12,
  "fields": {
    "user": 1,
    "title": "Amazon.com. Spend less. Smile more.",
    "slug": "amazoncom-spend-less-smile-more",
    "url": "https://images-na.ssl-images-amazon.com/images/G/01/AmazonExports/Events/2023/EBF23/Fuji_Desktop_Single_image_EBF_1x_v3._SY304_CB573698005_.jpg",
    "image": "images/2024/06/19/amazoncom-spend-less-smile-more_b756KoF.jpg",
    "description": "",
    "created": "2024-06-19",
    "total_likes": 0,
    "users_like": []
  }
},
{
  "model": "images.image",
  "pk": 13,
  "fields": {
    "user": 1,
    "title": "Amazon.com. Spend less. Smile more.",
    "slug": "amazoncom-spend-less-smile-more",
    "url": "https://images-na.ssl-images-amazon.com/images/G/01/AmazonExports/Events/2023/EBF23/Fuji_Desktop_Single_image_EBF_1x_v5._SY304_CB573698005_.jpg",
    "image": "images/2024/06/19/amazoncom-spend-less-smile-more_jdBwU7a.jpg",
    "description": "",
    "created": "2024-06-19",
    "total_likes": 0,
    "users_like": []
  }
},
{
  "model": "images.image",
  "pk": 14,
  "fields": {
    "user": 1,
    "title": "Amazon.com. Spend less. Smile more.",
    "slug": "amazoncom-spend-less-smile-more",
    "url": "https://m.media-amazon.com/images/G/01/gno/sprites/nav-sprite-global-1x-reorg-privacy._CB587940754_.png",
    "image": "images/2024/06/19/amazoncom-spend-less-smile-more.png",
    "description": "",
    "created": "2024-06-19",
    "total_likes": 0,
    "users_like": []
  }
},
{
  "model": "images.image",
  "pk": 15,
  "fields": {
    "user": 1,
    "title": "Traversy Media | Learn Web Development",
    "slug": "traversy-media-learn-web-development",
    "url": "https://kajabi-storefronts-production.kajabi-cdn.com/kajabi-storefronts-production/file-uploads/themes/2152537062/settings_images/5622683-524-ae54-7a6b-044e2f16b3e_youtube_thumbnail_1.jpg",
    "image": "images/2024/06/19/traversy-media-learn-web-development.jpg",
    "description": "",
    "created": "2024-06-19",
    "total_likes": 0,
    "users_like": []
  }
},
{
  "model": "images.image",
  "pk": 16,
  "fields": {
    "user": 1,
    "title": "Traversy Media | Learn Web Development",
    "slug": "traversy-media-learn-web-development",
    "url": "https://kajabi-storefronts-production.kajabi-cdn.com/kajabi-storefronts-production/file-uploads/themes/2152537062/settings_images/8fe4c8-0f8f-27f-af0d-102a1c1fd7d3_98096eb3-dcb5-40be-9dbf-f6159f258bc2.png",
    "image": "images/2024/06/19/traversy-media-learn-web-development.png",
    "description": "",
    "created": "2024-06-19",
    "total_likes": 0,
    "users_like": []
  }
},
{
  "model": "images.image",
  "pk": 17,
  "fields": {
    "user": 1,
    "title": "Traversy Media | Learn Web Development",
    "slug": "traversy-media-learn-web-development",
    "url": "https://kajabi-storefronts-production.kajabi-cdn.com/kajabi-storefronts-production/file-uploads/themes/2152537062/settings_images/ddd670e-4bb5-53ee-16b5-071f435f05e4_1513f421-fbc4-45fc-8be5-d598e84bf679.jpg",
    "image": "images/2024/06/19/traversy-media-learn-web-development_ClhQiK5.jpg",
    "description": "",
    "created": "2024-06-19",
    "total_likes": 0,
    "users_like": []
  }
},
{
  "model": "images.image",
  "pk": 18,
  "fields": {
    "user": 1,
    "title": "Traversy Media | Learn Web Development",
    "slug": "traversy-media-learn-web-development",
    "url": "https://kajabi-storefronts-production.kajabi-cdn.com/kajabi-storefronts-production/file-uploads/themes/2152537062/settings_images/b6afbc-bf2c-4324-1ee4-a622d6174d5_84965164-b868-43f3-8a0c-809f0a25714a.png",
    "image": "images/2024/06/19/traversy-media-learn-web-development_0Tp4snF.png",
    "description": "",
    "created": "2024-06-19",
    "total_likes": 0,
    "users_like": []
  }
},
{
  "model": "images.image",
  "pk": 19,
  "fields": {
    "user": 1,
    "title": "Traversy Media | Learn Web Development",
    "slug": "traversy-media-learn-web-development",
    "url": "https://kajabi-storefronts-production.kajabi-cdn.com/kajabi-storefronts-production/file-uploads/themes/2152537062/settings_images/5ab100c-c0fc-6028-f4ed-7e7f5a6eb68_08cddc12-9c4b-4111-a8c8-680ce1c1cc91.jpg",
    "image": "images/2024/06/19/traversy-media-learn-web-development_eZYMw1c.jpg",
    "description": "",
    "created": "2024-06-19",
    "total_likes": 0,
    "users_like": []
  }
},
{
  "model": "images.image",
  "pk": 20,
  "fields": {
    "user": 1,
    "title": "Traversy Media Blog",
    "slug": "traversy-media-blog",
    "url": "https://kajabi-storefronts-production.kajabi-cdn.com/kajabi-storefronts-production/file-uploads/blogs/2147509817/images/7fa054-3170-ef7d-ec38-e57a2a36142f_youtube_thumbnail_copy.jpg",
    "image": "images/2024/06/19/traversy-media-blog.jpg",
    "description": "",
    "created": "2024-06-19",
    "total_likes": 0,
    "users_like": []
  }
},
{
  "model": "images.image",
  "pk": 21,
  "fields": {
    "user": 1,
    "title": "Traversy Media Blog",
    "slug": "traversy-media-blog",
    "url": "https://kajabi-storefronts-production.kajabi-cdn.com/kajabi-storefronts-production/file-uploads/blogs/2147509817/images/d6257c4-388d-df4-fe0b-0856fd338ef2_youtube-thumbnail-1080_copy.jpg",
    "image": "images/2024/06/19/traversy-media-blog_J9rh53E.jpg",
    "description": "",
    "created": "2024-06-19",
    "total_likes": 0,
    "users_like": []
  }
},
{
  "model": "images.image",
  "pk": 22,
  "fields": {
    "user": 1,
    "title": "Traversy Media Blog",
    "slug": "traversy-media-blog",
    "url": "https://kajabi-storefronts-production.kajabi-cdn.com/kajabi-storefronts-production/file-uploads/blogs/2147509817/images/84aa418-5d85-550a-a2a-64d11d400b_youtube_thumbnail_copy.jpg",
    "image": "images/2024/06/19/traversy-media-blog_h6KohvI.jpg",
    "description": "",
    "created": "2024-06-19",
    "total_likes": 0,
    "users_like": []
  }
},
{
  "model": "images.image",
  "pk": 23,
  "fields": {
    "user": 1,
    "title": "Traversy Media Blog",
    "slug": "traversy-media-blog",
    "url": "https://kajabi-storefronts-production.kajabi-cdn.com/kajabi-storefronts-production/file-uploads/blogs/2147509817/images/0e15a12-b2b-c637-63e6-df65fb78cb_youtube_thumbnail_copy.png",
    "image": "images/2024/06/19/traversy-media-blog.png",
    "description": "",
    "created": "2024-06-19",
    "total_likes": 0,
    "users_like": []
  }
},
{
  "model": "images.image",
  "pk": 24,
  "fields": {
    "user": 1,
    "title": "Traversy Media Blog",
    "slug": "traversy-media-blog",
    "url": "https://kajabi-storefronts-production.kajabi-cdn.com/kajabi-storefronts-production/file-uploads/blogs/2147509817/images/8608248-0c06-3307-4e1-87d13d73d7c_youtube_thumbnail_copy.jpg",
    "image": "images/2024/06/19/traversy-media-blog_bQ1pJqb.jpg",
    "description": "",
    "created": "2024-06-19",
    "total_likes": 0,
    "users_like": []
  }
},
{
  "model": "images.image",
  "pk": 25,
  "fields": {
    "user": 1,
    "title": "Traversy Media Blog",
    "slug": "traversy-media-blog",
    "url": "https://kajabi-storefronts-production.kajabi-cdn.com/kajabi-storefronts-production/file-uploads/blogs/2147509817/images/ea7fd07-2a63-fe51-26b0-604e52a7e86_hero-4.png",
    "image": "images/2024/06/19/traversy-media-blog_Vm2zGgB.png",
    "description": "",
    "created": "2024-06-19",
    "total_likes": 0,
    "users_like": []
  }
},
{
  "model": "images.image",
  "pk": 26,
  "fields": {
    "user": 1,
    "title": "Traversy Media Blog",
    "slug": "traversy-media-blog",
    "url": "https://kajabi-storefronts-production.kajabi-cdn.com/kajabi-storefronts-production/file-uploads/blogs/2147509817/images/d88b278-b1ea-51c5-6060-10243dda5306_youtube_thumbnail_copy.jpg",
    "image": "images/2024/06/19/traversy-media-blog_HTvVVP5.jpg",
    "description": "",
    "created": "2024-06-19",
    "total_likes": 0,
    "users_like": []
  }
},
{
  "model": "images.image",
  "pk": 27,
  "fields": {
    "user": 1,
    "title": "Online Courses - Udemy",
    "slug": "online-courses-udemy",
    "url": "https://img-c.udemycdn.com/notices/web_carousel_slide/image/e6cc1a30-2dec-4dc5-b0f2-c5b656909d5b.jpg",
    "image": "images/2024/06/24/online-courses-udemy.jpg",
    "description": "",
    "created": "2024-06-24",
    "total_likes": 6,
    "users_like": [
      1,
      4,
      2,
      8,
      7,
      3
    ]
  }
},
{
  "model": "actions.action",
  "pk": 1,
  "fields": {
    "user": 1,
    "verb": "likes",
    "created": "2024-07-03T11:31:13.517Z",
    "target_ct": 13,
    "target_id": 6
  }
},
{
  "model": "actions.action",
  "pk": 2,
  "fields": {
    "user": 2,
    "verb": "is following",
    "created": "2024-07-03T11:34:05.235Z",
    "target_ct": 4,
    "target_id": 1
  }
},
{
  "model": "actions.action",
  "pk": 3,
  "fields": {
    "user": 2,
    "verb": "likes",
    "created": "2024-07-03T11:34:16.927Z",
    "target_ct": 13,
    "target_id": 6
  }
},
{
  "model": "actions.action",
  "pk": 4,
  "fields": {
    "user": 2,
    "verb": "is following",
    "created": "2024-07-05T19:03:43.928Z",
    "target_ct": 4,
    "target_id": 3
  }
},
{
  "model": "actions.action",
  "pk": 5,
  "fields": {
    "user": 2,
    "verb": "is following",
    "created": "2024-07-05T19:03:53.302Z",
    "target_ct": 4,
    "target_id": 4
  }
},
{
  "model": "actions.action",
  "pk": 6,
  "fields": {
    "user": 2,
    "verb": "is following",
    "created": "2024-07-05T19:04:08.383Z",
    "target_ct": 4,
    "target_id": 2
  }
},
{
  "model": "social_django.usersocialauth",
  "pk": 3,
  "fields": {
    "user": 7,
    "provider": "google-oauth2",
    "uid": "meenphilip@gmail.com",
    "extra_data": {
      "expires": 3599,
      "auth_time": 1718204833,
      "token_type": "Bearer",
      "access_token": "ya29.a0AXooCgvZiWQ57lDEXqGjdAYwL6-uF-7tCDYTQiLV41msXQVXhm6_iJn-o1pDRwG2MiwZi1T6PusCU9c-Ka-S_pOGCSlkGTUHtdXI9_TCSDAi9ecywyIZTuClisMRT1wFc1amOUZOd-RG-re40OiMxIfA3YD6s7nls3QaCgYKASESARASFQHGX2MiCimbO4vqdIxGm_9EhgkwWg0170"
    },
    "created": "2024-06-11T13:19:22.243Z",
    "modified": "2024-06-12T15:07:13.319Z"
  }
},
{
  "model": "social_django.usersocialauth",
  "pk": 4,
  "fields": {
    "user": 8,
    "provider": "twitter",
    "uid": "1089298697014386689",
    "extra_data": {
      "id": 1089298697014386689,
      "auth_time": 1718204661,
      "access_token": {
        "user_id": "1089298697014386689",
        "oauth_token": "1089298697014386689-1U0KVNzV7DDp2uQr1l3yHzCx2lO00V",
        "screen_name": "Meendo_95",
        "oauth_token_secret": "yZaYlLY1qWxc7WPMWrLLQVWhaWNdV8CgGF7zSyOXS7nN9"
      }
    },
    "created": "2024-06-11T13:20:17.569Z",
    "modified": "2024-06-12T15:04:21.147Z"
  }
},
{
  "model": "easy_thumbnails.source",
  "pk": 1,
  "fields": {
    "storage_hash": "0d677af76ca5bf5575d614e04932c3a4",
    "name": "images/2024/06/24/online-courses-udemy.jpg",
    "modified": "2024-06-24T20:14:01.899Z"
  }
},
{
  "model": "easy_thumbnails.source",
  "pk": 2,
  "fields": {
    "storage_hash": "0d677af76ca5bf5575d614e04932c3a4",
    "name": "images/2024/06/19/amazoncom-spend-less-smile-more.jpg",
    "modified": "2024-06-24T20:21:23.562Z"
  }
},
{
  "model": "easy_thumbnails.source",
  "pk": 3,
  "fields": {
    "storage_hash": "0d677af76ca5bf5575d614e04932c3a4",
    "name": "images/2024/06/19/amazoncom-spend-less-smile-more_Ju045yO.jpg",
    "modified": "2024-07-03T11:33:36.569Z"
  }
},
{
  "model": "easy_thumbnails.source",
  "pk": 4,
  "fields": {
    "storage_hash": "0d677af76ca5bf5575d614e04932c3a4",
    "name": "images/2024/06/19/amazoncom-spend-less-smile-more_eYFCnNn.jpg",
    "modified": "2024-06-24T20:14:02.043Z"
  }
},
{
  "model": "easy_thumbnails.source",
  "pk": 5,
  "fields": {
    "storage_hash": "0d677af76ca5bf5575d614e04932c3a4",
    "name": "images/2024/06/19/amazoncom-spend-less-smile-more_YRt4BLo.jpg",
    "modified": "2024-06-24T20:14:02.072Z"
  }
},
{
  "model": "easy_thumbnails.source",
  "pk": 6,
  "fields": {
    "storage_hash": "0d677af76ca5bf5575d614e04932c3a4",
    "name": "images/2024/06/19/amazoncom-spend-less-smile-more_LFY9K2Q.jpg",
    "modified": "2024-07-08T10:53:32.888Z"
  }
},
{
  "model": "easy_thumbnails.source",
  "pk": 7,
  "fields": {
    "storage_hash": "0d677af76ca5bf5575d614e04932c3a4",
    "name": "images/2024/06/19/amazoncom-spend-less-smile-more_aJr1f7s.jpg",
    "modified": "2024-06-24T20:14:02.153Z"
  }
},
{
  "model": "easy_thumbnails.source",
  "pk": 8,
  "fields": {
    "storage_hash": "0d677af76ca5bf5575d614e04932c3a4",
    "name": "images/2024/06/19/amazoncom-spend-less-smile-more_Tos0UC8.jpg",
    "modified": "2024-06-24T20:14:02.180Z"
  }
},
{
  "model": "easy_thumbnails.source",
  "pk": 9,
  "fields": {
    "storage_hash": "0d677af76ca5bf5575d614e04932c3a4",
    "name": "images/2024/06/19/amazoncom-spend-less-smile-more_b756KoF.jpg",
    "modified": "2024-06-24T20:14:09.632Z"
  }
},
{
  "model": "easy_thumbnails.source",
  "pk": 10,
  "fields": {
    "storage_hash": "0d677af76ca5bf5575d614e04932c3a4",
    "name": "images/2024/06/19/amazoncom-spend-less-smile-more_jdBwU7a.jpg",
    "modified": "2024-06-24T20:14:09.706Z"
  }
},
{
  "model": "easy_thumbnails.source",
  "pk": 11,
  "fields": {
    "storage_hash": "0d677af76ca5bf5575d614e04932c3a4",
    "name": "images/2024/06/19/amazoncom-spend-less-smile-more.png",
    "modified": "2024-06-24T20:14:09.803Z"
  }
},
{
  "model": "easy_thumbnails.source",
  "pk": 12,
  "fields": {
    "storage_hash": "0d677af76ca5bf5575d614e04932c3a4",
    "name": "images/2024/06/19/traversy-media-learn-web-development.jpg",
    "modified": "2024-06-24T20:14:09.901Z"
  }
},
{
  "model": "easy_thumbnails.source",
  "pk": 13,
  "fields": {
    "storage_hash": "0d677af76ca5bf5575d614e04932c3a4",
    "name": "images/2024/06/19/traversy-media-learn-web-development.png",
    "modified": "2024-06-24T20:14:09.988Z"
  }
},
{
  "model": "easy_thumbnails.source",
  "pk": 14,
  "fields": {
    "storage_hash": "0d677af76ca5bf5575d614e04932c3a4",
    "name": "images/2024/06/19/traversy-media-learn-web-development_ClhQiK5.jpg",
    "modified": "2024-06-24T20:14:10.083Z"
  }
},
{
  "model": "easy_thumbnails.source",
  "pk": 15,
  "fields": {
    "storage_hash": "0d677af76ca5bf5575d614e04932c3a4",
    "name": "images/2024/06/19/traversy-media-learn-web-development_0Tp4snF.png",
    "modified": "2024-06-24T20:14:10.192Z"
  }
},
{
  "model": "easy_thumbnails.source",
  "pk": 16,
  "fields": {
    "storage_hash": "0d677af76ca5bf5575d614e04932c3a4",
    "name": "images/2024/06/19/traversy-media-learn-web-development_eZYMw1c.jpg",
    "modified": "2024-06-24T20:14:10.308Z"
  }
},
{
  "model": "easy_thumbnails.source",
  "pk": 17,
  "fields": {
    "storage_hash": "0d677af76ca5bf5575d614e04932c3a4",
    "name": "images/2024/06/19/traversy-media-blog.jpg",
    "modified": "2024-06-24T20:14:26.256Z"
  }
},
{
  "model": "easy_thumbnails.source",
  "pk": 18,
  "fields": {
    "storage_hash": "0d677af76ca5bf5575d614e04932c3a4",
    "name": "images/2024/06/19/traversy-media-blog_J9rh53E.jpg",
    "modified": "2024-06-24T20:14:26.371Z"
  }
},
{
  "model": "easy_thumbnails.source",
  "pk": 19,
  "fields": {
    "storage_hash": "0d677af76ca5bf5575d614e04932c3a4",
    "name": "images/2024/06/19/traversy-media-blog_h6KohvI.jpg",
    "modified": "2024-06-24T20:14:26.524Z"
  }
},
{
  "model": "easy_thumbnails.source",
  "pk": 20,
  "fields": {
    "storage_hash": "0d677af76ca5bf5575d614e04932c3a4",
    "name": "images/2024/06/19/traversy-media-blog.png",
    "modified": "2024-06-24T20:14:26.651Z"
  }
},
{
  "model": "easy_thumbnails.source",
  "pk": 21,
  "fields": {
    "storage_hash": "0d677af76ca5bf5575d614e04932c3a4",
    "name": "images/2024/06/19/traversy-media-blog_bQ1pJqb.jpg",
    "modified": "2024-06-24T20:14:26.744Z"
  }
},
{
  "model": "easy_thumbnails.source",
  "pk": 22,
  "fields": {
    "storage_hash": "0d677af76ca5bf5575d614e04932c3a4",
    "name": "images/2024/06/19/traversy-media-blog_Vm2zGgB.png",
    "modified": "2024-06-24T20:14:27.101Z"
  }
},
{
  "model": "easy_thumbnails.source",
  "pk": 23,
  "fields": {
    "storage_hash": "0d677af76ca5bf5575d614e04932c3a4",
    "name": "images/2024/06/19/traversy-media-blog_HTvVVP5.jpg",
    "modified": "2024-06-24T20:14:27.308Z"
  }
},
{
  "model": "easy_thumbnails.source",
  "pk": 24,
  "fields": {
    "storage_hash": "0d677af76ca5bf5575d614e04932c3a4",
    "name": "images/2024/06/16/beautiful-tree.jpg",
    "modified": "2024-06-24T20:14:27.414Z"
  }
},
{
  "model": "easy_thumbnails.source",
  "pk": 25,
  "fields": {
    "storage_hash": "0d677af76ca5bf5575d614e04932c3a4",
    "name": "images/2024/06/16/beautiful-sunset.jpg",
    "modified": "2024-06-24T20:14:29.124Z"
  }
},
{
  "model": "easy_thumbnails.source",
  "pk": 26,
  "fields": {
    "storage_hash": "0d677af76ca5bf5575d614e04932c3a4",
    "name": "images/2024/06/16/smiley-face.png",
    "modified": "2024-07-08T10:53:22.022Z"
  }
},
{
  "model": "easy_thumbnails.source",
  "pk": 27,
  "fields": {
    "storage_hash": "0d677af76ca5bf5575d614e04932c3a4",
    "name": "users/2024/06/03/unnamed.jpg",
    "modified": "2024-07-03T11:33:36.533Z"
  }
},
{
  "model": "easy_thumbnails.source",
  "pk": 28,
  "fields": {
    "storage_hash": "0d677af76ca5bf5575d614e04932c3a4",
    "name": "users/2024/06/03/coolpfp.jpg",
    "modified": "2024-07-08T10:07:35.922Z"
  }
},
{
  "model": "easy_thumbnails.source",
  "pk": 29,
  "fields": {
    "storage_hash": "0d677af76ca5bf5575d614e04932c3a4",
    "name": "users/2024/06/03/gaming-avatar.jpeg",
    "modified": "2024-07-01T10:44:52.738Z"
  }
},
{
  "model": "easy_thumbnails.source",
  "pk": 30,
  "fields": {
    "storage_hash": "0d677af76ca5bf5575d614e04932c3a4",
    "name": "users/2024/06/03/neon.jpg",
    "modified": "2024-07-01T10:44:52.768Z"
  }
},
{
  "model": "easy_thumbnails.source",
  "pk": 31,
  "fields": {
    "storage_hash": "0d677af76ca5bf5575d614e04932c3a4",
    "name": "users/user-default.jpg",
    "modified": "2024-07-01T10:44:52.806Z"
  }
},
{
  "model": "easy_thumbnails.thumbnail",
  "pk": 1,
  "fields": {
    "storage_hash": "d26becbf46ac48eda79c7a39a13a02dd",
    "name": "images/2024/06/24\\online-courses-udemy.jpg.300x0_q85.jpg",
    "modified": "2024-06-24T12:05:58.441Z",
    "source": 1
  }
},
{
  "model": "easy_thumbnails.thumbnail",
  "pk": 2,
  "fields": {
    "storage_hash": "d26becbf46ac48eda79c7a39a13a02dd",
    "name": "images/2024/06/24\\online-courses-udemy.jpg.300x300_q85_crop-smart.jpg",
    "modified": "2024-06-24T20:14:01.943Z",
    "source": 1
  }
},
{
  "model": "easy_thumbnails.thumbnail",
  "pk": 3,
  "fields": {
    "storage_hash": "d26becbf46ac48eda79c7a39a13a02dd",
    "name": "images/2024/06/19\\amazoncom-spend-less-smile-more.jpg.300x300_q85_crop-smart.jpg",
    "modified": "2024-06-24T20:14:01.977Z",
    "source": 2
  }
},
{
  "model": "easy_thumbnails.thumbnail",
  "pk": 4,
  "fields": {
    "storage_hash": "d26becbf46ac48eda79c7a39a13a02dd",
    "name": "images/2024/06/19\\amazoncom-spend-less-smile-more_Ju045yO.jpg.300x300_q85_crop-smart.jpg",
    "modified": "2024-06-24T20:14:02.014Z",
    "source": 3
  }
},
{
  "model": "easy_thumbnails.thumbnail",
  "pk": 5,
  "fields": {
    "storage_hash": "d26becbf46ac48eda79c7a39a13a02dd",
    "name": "images/2024/06/19\\amazoncom-spend-less-smile-more_eYFCnNn.jpg.300x300_q85_crop-smart.jpg",
    "modified": "2024-06-24T20:14:02.049Z",
    "source": 4
  }
},
{
  "model": "easy_thumbnails.thumbnail",
  "pk": 6,
  "fields": {
    "storage_hash": "d26becbf46ac48eda79c7a39a13a02dd",
    "name": "images/2024/06/19\\amazoncom-spend-less-smile-more_YRt4BLo.jpg.300x300_q85_crop-smart.jpg",
    "modified": "2024-06-24T20:14:02.079Z",
    "source": 5
  }
},
{
  "model": "easy_thumbnails.thumbnail",
  "pk": 7,
  "fields": {
    "storage_hash": "d26becbf46ac48eda79c7a39a13a02dd",
    "name": "images/2024/06/19\\amazoncom-spend-less-smile-more_LFY9K2Q.jpg.300x300_q85_crop-smart.jpg",
    "modified": "2024-06-24T20:14:02.123Z",
    "source": 6
  }
},
{
  "model": "easy_thumbnails.thumbnail",
  "pk": 8,
  "fields": {
    "storage_hash": "d26becbf46ac48eda79c7a39a13a02dd",
    "name": "images/2024/06/19\\amazoncom-spend-less-smile-more_aJr1f7s.jpg.300x300_q85_crop-smart.jpg",
    "modified": "2024-06-24T20:14:02.159Z",
    "source": 7
  }
},
{
  "model": "easy_thumbnails.thumbnail",
  "pk": 9,
  "fields": {
    "storage_hash": "d26becbf46ac48eda79c7a39a13a02dd",
    "name": "images/2024/06/19\\amazoncom-spend-less-smile-more_Tos0UC8.jpg.300x300_q85_crop-smart.jpg",
    "modified": "2024-06-24T20:14:02.187Z",
    "source": 8
  }
},
{
  "model": "easy_thumbnails.thumbnail",
  "pk": 10,
  "fields": {
    "storage_hash": "d26becbf46ac48eda79c7a39a13a02dd",
    "name": "images/2024/06/19\\amazoncom-spend-less-smile-more_b756KoF.jpg.300x300_q85_crop-smart.jpg",
    "modified": "2024-06-24T20:14:09.650Z",
    "source": 9
  }
},
{
  "model": "easy_thumbnails.thumbnail",
  "pk": 11,
  "fields": {
    "storage_hash": "d26becbf46ac48eda79c7a39a13a02dd",
    "name": "images/2024/06/19\\amazoncom-spend-less-smile-more_jdBwU7a.jpg.300x300_q85_crop-smart.jpg",
    "modified": "2024-06-24T20:14:09.718Z",
    "source": 10
  }
},
{
  "model": "easy_thumbnails.thumbnail",
  "pk": 12,
  "fields": {
    "storage_hash": "d26becbf46ac48eda79c7a39a13a02dd",
    "name": "images/2024/06/19\\amazoncom-spend-less-smile-more.png.300x300_q85_crop-smart.png",
    "modified": "2024-06-24T20:14:09.814Z",
    "source": 11
  }
},
{
  "model": "easy_thumbnails.thumbnail",
  "pk": 13,
  "fields": {
    "storage_hash": "d26becbf46ac48eda79c7a39a13a02dd",
    "name": "images/2024/06/19\\traversy-media-learn-web-development.jpg.300x300_q85_crop-smart.jpg",
    "modified": "2024-06-24T20:14:09.912Z",
    "source": 12
  }
},
{
  "model": "easy_thumbnails.thumbnail",
  "pk": 14,
  "fields": {
    "storage_hash": "d26becbf46ac48eda79c7a39a13a02dd",
    "name": "images/2024/06/19\\traversy-media-learn-web-development.png.300x300_q85_crop-smart.jpg",
    "modified": "2024-06-24T20:14:09.998Z",
    "source": 13
  }
},
{
  "model": "easy_thumbnails.thumbnail",
  "pk": 15,
  "fields": {
    "storage_hash": "d26becbf46ac48eda79c7a39a13a02dd",
    "name": "images/2024/06/19\\traversy-media-learn-web-development_ClhQiK5.jpg.300x300_q85_crop-smart.jpg",
    "modified": "2024-06-24T20:14:10.091Z",
    "source": 14
  }
},
{
  "model": "easy_thumbnails.thumbnail",
  "pk": 16,
  "fields": {
    "storage_hash": "d26becbf46ac48eda79c7a39a13a02dd",
    "name": "images/2024/06/19\\traversy-media-learn-web-development_0Tp4snF.png.300x300_q85_crop-smart.jpg",
    "modified": "2024-06-24T20:14:10.200Z",
    "source": 15
  }
},
{
  "model": "easy_thumbnails.thumbnail",
  "pk": 17,
  "fields": {
    "storage_hash": "d26becbf46ac48eda79c7a39a13a02dd",
    "name": "images/2024/06/19\\traversy-media-learn-web-development_eZYMw1c.jpg.300x300_q85_crop-smart.jpg",
    "modified": "2024-06-24T20:14:10.319Z",
    "source": 16
  }
},
{
  "model": "easy_thumbnails.thumbnail",
  "pk": 18,
  "fields": {
    "storage_hash": "d26becbf46ac48eda79c7a39a13a02dd",
    "name": "images/2024/06/19\\traversy-media-blog.jpg.300x300_q85_crop-smart.jpg",
    "modified": "2024-06-24T20:14:26.269Z",
    "source": 17
  }
},
{
  "model": "easy_thumbnails.thumbnail",
  "pk": 19,
  "fields": {
    "storage_hash": "d26becbf46ac48eda79c7a39a13a02dd",
    "name": "images/2024/06/19\\traversy-media-blog_J9rh53E.jpg.300x300_q85_crop-smart.jpg",
    "modified": "2024-06-24T20:14:26.381Z",
    "source": 18
  }
},
{
  "model": "easy_thumbnails.thumbnail",
  "pk": 20,
  "fields": {
    "storage_hash": "d26becbf46ac48eda79c7a39a13a02dd",
    "name": "images/2024/06/19\\traversy-media-blog_h6KohvI.jpg.300x300_q85_crop-smart.jpg",
    "modified": "2024-06-24T20:14:26.533Z",
    "source": 19
  }
},
{
  "model": "easy_thumbnails.thumbnail",
  "pk": 21,
  "fields": {
    "storage_hash": "d26becbf46ac48eda79c7a39a13a02dd",
    "name": "images/2024/06/19\\traversy-media-blog.png.300x300_q85_crop-smart.jpg",
    "modified": "2024-06-24T20:14:26.661Z",
    "source": 20
  }
},
{
  "model": "easy_thumbnails.thumbnail",
  "pk": 22,
  "fields": {
    "storage_hash": "d26becbf46ac48eda79c7a39a13a02dd",
    "name": "images/2024/06/19\\traversy-media-blog_bQ1pJqb.jpg.300x300_q85_crop-smart.jpg",
    "modified": "2024-06-24T20:14:26.755Z",
    "source": 21
  }
},
{
  "model": "easy_thumbnails.thumbnail",
  "pk": 23,
  "fields": {
    "storage_hash": "d26becbf46ac48eda79c7a39a13a02dd",
    "name": "images/2024/06/19\\traversy-media-blog_Vm2zGgB.png.300x300_q85_crop-smart.png",
    "modified": "2024-06-24T20:14:27.114Z",
    "source": 22
  }
},
{
  "model": "easy_thumbnails.thumbnail",
  "pk": 24,
  "fields": {
    "storage_hash": "d26becbf46ac48eda79c7a39a13a02dd",
    "name": "images/2024/06/19\\traversy-media-blog_HTvVVP5.jpg.300x300_q85_crop-smart.jpg",
    "modified": "2024-06-24T20:14:27.322Z",
    "source": 23
  }
},
{
  "model": "easy_thumbnails.thumbnail",
  "pk": 25,
  "fields": {
    "storage_hash": "d26becbf46ac48eda79c7a39a13a02dd",
    "name": "images/2024/06/16\\beautiful-tree.jpg.300x300_q85_crop-smart.jpg",
    "modified": "2024-06-24T20:14:27.425Z",
    "source": 24
  }
},
{
  "model": "easy_thumbnails.thumbnail",
  "pk": 26,
  "fields": {
    "storage_hash": "d26becbf46ac48eda79c7a39a13a02dd",
    "name": "images/2024/06/16\\beautiful-sunset.jpg.300x300_q85_crop-smart.jpg",
    "modified": "2024-06-24T20:14:29.137Z",
    "source": 25
  }
},
{
  "model": "easy_thumbnails.thumbnail",
  "pk": 27,
  "fields": {
    "storage_hash": "d26becbf46ac48eda79c7a39a13a02dd",
    "name": "images/2024/06/16\\smiley-face.png.300x300_q85_crop-smart.png",
    "modified": "2024-06-24T20:14:29.273Z",
    "source": 26
  }
},
{
  "model": "easy_thumbnails.thumbnail",
  "pk": 28,
  "fields": {
    "storage_hash": "d26becbf46ac48eda79c7a39a13a02dd",
    "name": "images/2024/06/19\\amazoncom-spend-less-smile-more.jpg.300x0_q85.jpg",
    "modified": "2024-06-24T20:21:23.583Z",
    "source": 2
  }
},
{
  "model": "easy_thumbnails.thumbnail",
  "pk": 29,
  "fields": {
    "storage_hash": "d26becbf46ac48eda79c7a39a13a02dd",
    "name": "users/2024/06/03\\unnamed.jpg.180x180_q85.jpg",
    "modified": "2024-07-01T10:44:52.665Z",
    "source": 27
  }
},
{
  "model": "easy_thumbnails.thumbnail",
  "pk": 30,
  "fields": {
    "storage_hash": "d26becbf46ac48eda79c7a39a13a02dd",
    "name": "users/2024/06/03\\coolpfp.jpg.180x180_q85.jpg",
    "modified": "2024-07-01T10:44:52.709Z",
    "source": 28
  }
},
{
  "model": "easy_thumbnails.thumbnail",
  "pk": 31,
  "fields": {
    "storage_hash": "d26becbf46ac48eda79c7a39a13a02dd",
    "name": "users/2024/06/03\\gaming-avatar.jpeg.180x180_q85.jpg",
    "modified": "2024-07-01T10:44:52.744Z",
    "source": 29
  }
},
{
  "model": "easy_thumbnails.thumbnail",
  "pk": 32,
  "fields": {
    "storage_hash": "d26becbf46ac48eda79c7a39a13a02dd",
    "name": "users/2024/06/03\\neon.jpg.180x180_q85.jpg",
    "modified": "2024-07-01T10:44:52.775Z",
    "source": 30
  }
},
{
  "model": "easy_thumbnails.thumbnail",
  "pk": 33,
  "fields": {
    "storage_hash": "d26becbf46ac48eda79c7a39a13a02dd",
    "name": "users\\user-default.jpg.180x180_q85.jpg",
    "modified": "2024-07-01T10:44:52.812Z",
    "source": 31
  }
},
{
  "model": "easy_thumbnails.thumbnail",
  "pk": 34,
  "fields": {
    "storage_hash": "d26becbf46ac48eda79c7a39a13a02dd",
    "name": "images/2024/06/19\\amazoncom-spend-less-smile-more_Ju045yO.jpg.300x0_q85.jpg",
    "modified": "2024-07-03T11:31:11.860Z",
    "source": 3
  }
},
{
  "model": "easy_thumbnails.thumbnail",
  "pk": 35,
  "fields": {
    "storage_hash": "d26becbf46ac48eda79c7a39a13a02dd",
    "name": "users/2024/06/03\\unnamed.jpg.80x80_q85_crop-100%.jpg",
    "modified": "2024-07-03T11:33:36.545Z",
    "source": 27
  }
},
{
  "model": "easy_thumbnails.thumbnail",
  "pk": 36,
  "fields": {
    "storage_hash": "d26becbf46ac48eda79c7a39a13a02dd",
    "name": "images/2024/06/19\\amazoncom-spend-less-smile-more_Ju045yO.jpg.80x80_q85_crop-100%.jpg",
    "modified": "2024-07-03T11:33:36.578Z",
    "source": 3
  }
},
{
  "model": "easy_thumbnails.thumbnail",
  "pk": 37,
  "fields": {
    "storage_hash": "d26becbf46ac48eda79c7a39a13a02dd",
    "name": "users/2024/06/03\\coolpfp.jpg.80x80_q85_crop-100%.jpg",
    "modified": "2024-07-08T10:07:35.986Z",
    "source": 28
  }
},
{
  "model": "easy_thumbnails.thumbnail",
  "pk": 38,
  "fields": {
    "storage_hash": "d26becbf46ac48eda79c7a39a13a02dd",
    "name": "images/2024/06/16\\smiley-face.png.300x0_q85.png",
    "modified": "2024-07-08T10:53:22.044Z",
    "source": 26
  }
},
{
  "model": "easy_thumbnails.thumbnail",
  "pk": 39,
  "fields": {
    "storage_hash": "d26becbf46ac48eda79c7a39a13a02dd",
    "name": "images/2024/06/19\\amazoncom-spend-less-smile-more_LFY9K2Q.jpg.300x0_q85.jpg",
    "modified": "2024-07-08T10:53:32.906Z",
    "source": 6
  }
}
]
